name,package,page,category,version,versionCode,released,size,sha256,signers,signedBy,signatureSchemes,source,sourceRelease,sourceCode,license,minSdk,minAndroid,targetSdk,abis,permissions,trackers,antiFeatures,olderVersions
Immich,app.alextran.immich,https://h5.2113.net/apps/immich.html,Cloud & Sync,3.2.4,3020499,2026-10-01,179565680,cfb6104485ffc161ac70d7944604db830250bc39968083efc4835f4bf9de677c,fa8b4395f4a64771a053d1c757735fa2301374f53d580dd175aaf7a135729cbf,fdroid,v1;v2;v3,fdroid,,https://github.com/immich-app/immich,AGPL-3.0-only,26,Android 8.0,36,arm64-v8a;armeabi-v7a;x86_64,25,,,
Flicky,app.flicky,https://h5.2113.net/apps/flicky.html,System Tools,4.5.3,981,2026-09-23,4365409,6a8462c3874c0dfa3ee5cfc4288ca1df36da96cf86d5c1aece00d5d88ede1dc5,4aed2f691df64a7b0fea25a6b8c80183c6dc520e049dac0178defa1d6472228f,developer,v1;v2,izzy,,https://github.com/mlm-games/flicky,GPL-3.0-only,23,Android 6.0,37,arm64-v8a;armeabi-v7a;x86;x86_64,15,,,
Intra,app.intra,https://h5.2113.net/apps/intra.html,Network & Privacy,1.5.1,75,2026-09-26,15842957,28cf11361c6601f5d5f8be45c7e2bdfa76c633cb7ded03e908338120424e0bed,777d6de4161dfdfdc4287e5dfed83355714f9a3227e2fd81111831f30596e407,fdroid,v1;v2;v3,fdroid,,https://github.com/Jigsaw-Code/Intra,Apache-2.0,21,Android 5.0,36,arm64-v8a;armeabi-v7a;x86;x86_64,9,,,
Lawnchair,app.lawnchair,https://h5.2113.net/apps/lawnchair.html,Customization,15.Beta 3,1500020300,2026-05-13,17314003,d4200d0985169fd79ba1bd225d653f2a2fe7b50aa07cb0d05ca64c7623f86059,747c3645b357258b2e23e851e53c96747fe0add007e5ba2cd97e8c85572e4dc5,developer,v2,izzy,,https://github.com/LawnchairLauncher/lawnchair,Apache-2.0,26,Android 8.0,35,arm64-v8a;armeabi-v7a;x86;x86_64,57,,,
mpvExtended,app.marlboroadvance.mpvex,https://h5.2113.net/apps/mpvextended.html,Media,1.3.1-fdroid,1312,2026-09-25,28304727,ddc117b94f19e8c545fe69121ed2d952006fa47385814f7db2ed413cf4fbcad0,68690654e3ee46d70895a12445dfa98d8c963d13e2de0f8aaa209765cc2c415e,developer,v1;v2;v3,izzy,,https://github.com/marlboro-advance/mpvEx,Apache-2.0,26,Android 8.0,36,arm64-v8a,9,,,
Hail,com.aistra.hail,https://h5.2113.net/apps/hail.html,System Tools,1.11.0,35,2026-08-27,5757409,abc30e1443075a86c54adbd0df8602d760384928306b3baa5fe4ecd0750456fc,e3e3c4927798fa34b06cce56823f34b542c9106f4ab77dee22cc469ef995c0c6,fdroid,v1;v2;v3,fdroid,,https://github.com/aistra0528/Hail,GPL-3.0-or-later,23,Android 6.0,36,arm64-v8a;armeabi-v7a;x86;x86_64,20,,,
Amaze File Manager,com.amaze.filemanager,https://h5.2113.net/apps/amaze-file-manager.html,System Tools,3.11.3,125,2026-07-30,12311594,864bcec7c1e69bd5a4a6f8613a4ac047e748a598e5a9948f28fba3f3e709d203,aff656d7ca84d71254d272c55fb420edf172b2549de14f5ccefd5a82528df554,developer,v1;v2,izzy,,https://github.com/TeamAmaze/AmazeFileManager,GPL-3.0-only,21,Android 5.0,35,arm64-v8a;armeabi-v7a;x86;x86_64,18,ACRA,,
Androoster,com.andreacioccarelli.androoster,https://h5.2113.net/apps/androoster.html,System Tools,1.6.2,62,2025-03-14,2994715,96215804d31dae0e9b3492fe97550637b945e8dd524bee2c4249651edfcf13e2,c07f28e982c2536f63cf48173e9ea9ca8c2ce8dbc19b0f5091c114aadf40d582,developer,v1;v2,izzy,,https://github.com/cioccarellia/androoster,Apache-2.0,16,Android 4.1,35,,9,,,
APKUpdater,com.apkupdater.ci,https://h5.2113.net/apps/apkupdater.html,System Tools,0.0.604,604,2026-05-28,4130561,96741d501ae60ac73b94983187bc7db3cfe28a8b3520cffc371177d7cda354f2,7294a15b12efb0ffe7d6f29f9a032329a681a05a5730309cc6f9bf387764b559,developer,v1;v2;v3,izzy,,https://github.com/rumboalla/apkupdater,GPL-3.0-only,23,Android 6.0,36,arm64-v8a;armeabi-v7a;x86;x86_64,10,,NonFreeNet;Tracking,
Aurora Store,com.aurora.store,https://h5.2113.net/apps/aurora-store.html,System Tools,4.8.4,76,2026-07-31,9360088,fd9c75d90d0f4a7c132b9b4a5a2cf1992a45e03b8d8ff988b7dcfbc0db2c4d11,5c83c7672b929955dc0a1db89a5e6ae4389e2eae7ec939956041694e5815f532,fdroid,v1;v2;v3,fdroid,,https://gitlab.com/AuroraOSS/AuroraStore,GPL-3.0-or-later,23,Android 6.0,37,arm64-v8a;armeabi-v7a;x86;x86_64,21,,NonFreeNet;Tracking,
OwnDroid,com.bintianqi.owndroid,https://h5.2113.net/apps/owndroid.html,System Tools,8.3.1,47,2026-08-26,3381555,7fc0808a8ee1401cf1f79010efde1d2511be36037725a9e32699595c6e6b8e98,e5d5db176a742c566ba6020ac24d93fabda5f6952d7fccae9e3a46e9848e83b5,developer,v1;v2,izzy,,https://github.com/BinTianqi/OwnDroid,GPL-3.0-or-later,23,Android 6.0,37,arm64-v8a;armeabi-v7a;x86;x86_64,15,,,
RustDesk,com.carriez.flutter_hbb,https://h5.2113.net/apps/rustdesk.html,System Tools,1.4.9,104090002,2026-07-15,26793207,c5f3ba33501ceecf14c7b30ba7a659286c87a464b7a62f2e958e120487bd1ada,85366b10ecadff33e10c53250444a125203908285363c27fc62a561f9660fa48,fdroid,v1;v2;v3,fdroid,,https://github.com/rustdesk/rustdesk,GPL-3.0-only,22,Android 5.1,33,arm64-v8a,14,,Tracking,
Mousedroid,com.darusc.mousedroid,https://h5.2113.net/apps/mousedroid.html,Network & Privacy,1.5,5,2026-03-13,10446217,83952916beb5792c588bb89eddcd06ded1d52920c5ff5c0007f9d44ca6d215a2,50cdcd3e18a3550eabe52864c2fae9079d4c282456d4a2ffed50caa58c5d4a22,developer,v2,izzy,,https://github.com/darusc/Mousedroid,MIT,28,Android 9,34,,8,,,
OuterTune,com.dd3boh.outertune,https://h5.2113.net/apps/outertune.html,Media,0.10.1,71,2025-12-19,10080644,115a5df8e5f9aecbb4c7e65b8b8ea5053fb64e5111b3116e01bae803426d138c,acdd871a3de2947d3253ec90cdc53d1a0740d6038e25a6485d71899eefa96db8,developer,v2,izzy,,https://github.com/OuterTune/OuterTune,GPL-3.0-only,24,Android 7.0,36,arm64-v8a;armeabi-v7a;x86;x86_64,12,,NonFreeNet,
YTDLnis,com.deniscerri.ytdl,https://h5.2113.net/apps/ytdlnis.html,Media,1.9.0,109000004,2026-09-07,49829505,e6d5935056e007ec172c03e5d993fcdce634372d15e0cdc75fb7e294dc469151,263645cb5272eb290759fe1f59149ae24df6ce171e9f6666eead981d3fc64c95,developer,v2,izzy,,https://github.com/deniscerri/ytdlnis,GPL-3.0-only,24,Android 7.0,36,arm64-v8a,22,,,
ColorBlendr,com.drdisagree.colorblendr,https://h5.2113.net/apps/colorblendr.html,Customization,v3.0.1,42,2026-08-02,6501453,a30ea8f14ea9d6349381fc2b6d537b19c137e4762dc58713da18a8af91700045,4af4ffa12ce90815a1775c4604ea16c19f5bed2a6e09ae7c3c92815982af052e,developer,v2,izzy,,https://github.com/Mahmud0808/ColorBlendr,GPL-3.0-only,31,Android 12,36,arm64-v8a;armeabi-v7a;x86;x86_64,16,,,
Iconify,com.drdisagree.iconify.foss,https://h5.2113.net/apps/iconify.html,Customization,7.3.0,25,2026-05-23,33836259,4ab1419fbfa1d097c5f075c236f711e72d12553df3213dc07f457696b8d9a405,4af4ffa12ce90815a1775c4604ea16c19f5bed2a6e09ae7c3c92815982af052e,developer,v2,github,https://github.com/Mahmud0808/Iconify/releases/tag/v7.3.0,https://github.com/Mahmud0808/Iconify,GPL-3.0,31,Android 12,35,arm64-v8a;armeabi-v7a;x86;x86_64,14,,,
PCAPdroid,com.emanuelef.remote_capture,https://h5.2113.net/apps/pcapdroid.html,Network & Privacy,2.0.2,95,2026-09-22,17560048,e03f79082278b3754b4954c7537e7c9f7681e5995a44e70aa1589eca10190066,9fdd93b62bcc95e86ff681a401f81653e37626e83369a3e192e060f2a3ca147d,fdroid,v1;v2;v3,fdroid,,https://github.com/emanuele-f/PCAPdroid,GPL-3.0-or-later,23,Android 6.0,37,arm64-v8a;armeabi-v7a;x86;x86_64,14,,,
Taskbar,com.farmerbb.taskbar,https://h5.2113.net/apps/taskbar.html,Customization,6.2.2-r2,208,2024-11-25,2753531,58dc239cef19f05b527335e7b723dd3dfd1d8bb651a50ecc0f52402796e509d9,0e2b55c6ad9b989351da9d54e7b1d57762463aaf3159d2f0bc95ab607b95f7f0,fdroid,v1;v2;v3,fdroid,,https://github.com/farmerbb/Taskbar,Apache-2.0,21,Android 5.0,34,,21,,,
Meshtastic,com.geeksville.mesh,https://h5.2113.net/apps/meshtastic.html,Network & Privacy,2.8.2 (29322440) fdroid,29322440,2026-09-26,33199756,a3adae160da5987e7adfacdaefe6bd3ff6e5e55b716b906487401e1e7379f16b,a93b456568c175db0800a09f06777f892d812432adb8a3df73bc3e7f06c80c6d,developer,v2,izzy,,https://github.com/meshtastic/Meshtastic-Android,GPL-3.0-only,26,Android 8.0,37,arm64-v8a,20,,,
NoStorageRestrict,com.github.dan.NoStorageRestrict,https://h5.2113.net/apps/nostoragerestrict.html,Root & Mods,0.7.0,7,2026-08-01,25118,d922e253f4ee10c8534f5356ee94b343e1cba0c1c967d79371830f985ad79165,551353d4e096d5d117fc322dbfed42c5ae7c8f26ac1009a13edc0f39f80b4c8c,developer,v1;v2,izzy,,https://github.com/Xposed-Modules-Repo/com.github.dan.nostoragerestrict,GPL-3.0-only,15,Android 4.0.3,35,,0,,,
LibreTube,com.github.libretube,https://h5.2113.net/apps/libretube.html,Media,32.1,72,2026-08-23,9253519,792b1e37e7bd6a26d8da1c826a68677465c333633cb2198224cc96c84257d615,a86631e8cc555838e8dfc29019fb0f7dac333ef1cda1139c424d1a08d68a030b,fdroid,v1;v2;v3,fdroid,,https://github.com/libre-tube/LibreTube,GPL-3.0-or-later,26,Android 8.0,36,,9,,NonFreeNet,
Shadowsocks,com.github.shadowsocks,https://h5.2113.net/apps/shadowsocks.html,Network & Privacy,5.3.5-nightly,5030550,2026-02-13,14792235,037fef062735bd0298221b7b29a7ef7ccd24dc3449fc0fbc2bfccdd8ae13b4ea,3ced42093b12aa0d08f745e5a0f01d13cb9ec4ef6cba0b8a0a056dbaecd45b98,fdroid,v1;v2;v3,fdroid,,https://github.com/shadowsocks/shadowsocks-android,GPL-3.0-or-later,23,Android 6.0,36,arm64-v8a;armeabi-v7a;x86;x86_64,13,,,
Endless Sky,com.github.thewierdnut.endless_mobile,https://h5.2113.net/games/endless-sky.html,Adventure & RPG,0.11.1-61,61,2026-07-04,92523317,bc1bb86e741b7a798a310b05a54ee4daf83c6ef5235dc8c68e082715f2c57321,d94e2a75421d8466ecdbea45a5e7d9c488e5d8ff5caa2695e3527f63032b9df6,fdroid,v1;v2;v3,fdroid,,https://github.com/thewierdnut/endless-mobile,GPL-3.0-only,21,Android 5.0,33,arm64-v8a;armeabi-v7a,0,,,
Gyawun Music,com.jhelum.gyawun,https://h5.2113.net/apps/gyawun-music.html,Media,2.0.18,2220,2026-03-22,14264689,1f5f6df6254423d7bf5edff73fa2330852735adf45f7b06c9176abb8e440e7c8,d1ce3aba3f77ebc4582f8350dae1815aecce1bf05d678527cce8d0e6cd244ad0,developer,v2,github,https://github.com/sheikhhaziq/gyawun_music/releases/tag/v2.0.18,https://github.com/sheikhhaziq/gyawun_music,GPL-3.0,24,Android 7.0,36,arm64-v8a,10,,,
Seal,com.junkfood.seal,https://h5.2113.net/apps/seal.html,Media,1.13.1-(F-Droid),11312,2026-01-06,43057559,7070a3d4f079046912b4b8dde4edc8d1ef6eade3c9c98b02bfcaba3669c11d98,7de6aeb93f196e677b087bc8d040fe598b613a9654990d6fcaa40d71eb13cd49,fdroid,v1;v2;v3,fdroid,,https://github.com/JunkFood02/Seal,GPL-3.0-only,21,Android 5.0,34,arm64-v8a,10,,NonFreeNet,
AIS-catcher,com.jvdegithub.aiscatcher,https://h5.2113.net/apps/ais-catcher.html,Network & Privacy,1.21,121,2026-08-20,32496633,a84c8023e55f6d8a77ed125bdc2ab1a2a18a1a3aba4469902f8fb96b5afcedfe,51e66fe88c480297b545d44c0b91edb33390bf875c92ba2f526c74cc4757fed2,developer,v1;v2;v3,izzy,,https://github.com/jvde-github/AIS-catcher-for-Android,GPL-3.0-only,23,Android 6.0,34,arm64-v8a;armeabi-v7a;x86;x86_64,9,,,
Moonlight,com.limelight,https://h5.2113.net/games/moonlight.html,Game Streaming,12.2,315,2026-09-12,11137885,a871f6190365386ef3ac5722a016d4da015ee1555631ec257f6e5dc3f4a45fe0,d6ce3a4df15060fe488fe52441a549dee4ba199b36e2cb1ed9085cca8bfa1aca,developer,v1;v2,github,https://github.com/moonlight-stream/moonlight-android/releases/tag/v12.2,https://github.com/moonlight-stream/moonlight-android,GPL-3.0,21,Android 5.0,36,arm64-v8a;armeabi-v7a;x86;x86_64,9,,,
Droid-ify,com.looker.droidify,https://h5.2113.net/apps/droid-ify.html,System Tools,0.7.8,780,2026-09-13,5997579,3e7934ff9b811c2f77794793381241095a02bac2d163bf922cb5a5a0ed25ca82,ed8859c55af311162658b94af982b9f091dcd27628d4de3486d1217ebf3c9935,developer,v1;v2;v3,izzy,,https://github.com/Droid-ify/client,GPL-3.0-or-later,23,Android 6.0,37,arm64-v8a;armeabi-v7a;x86;x86_64,17,,,
Neo Backup,com.machiav3lli.backup,https://h5.2113.net/apps/neo-backup.html,Root & Mods,8.3.18,8331,2026-05-04,11430871,d2bd2fbd57bf1e99d12a40ba4418e66543a2983742f16b0f3509262f36f7b4f7,c94f10243c14d57dd69dede61c234bb5e8bb0704d61b45dafe496728ac32f378,developer,v2,izzy,,https://github.com/NeoApplications/Neo-Backup,AGPL-3.0-only,26,Android 8.0,36,arm64-v8a;armeabi-v7a;x86;x86_64,25,,,
Neo Store,com.machiav3lli.fdroid,https://h5.2113.net/apps/neo-store.html,System Tools,1.3.2,1303,2026-10-02,5924118,87a3d6f553f7ce0e9fe1858748f94c83aa2bc3e54e25410e31a317a2cb93cc3b,c5860146138b7799bb9d0617c398c1e5241550f558252a3f97b2a51f15263ef7,developer,v2,izzy,,https://codeberg.org/NeoApplications/Neo-Store,GPL-3.0-or-later,26,Android 8.0,36,arm64-v8a;armeabi-v7a;x86;x86_64,22,,,
SimpMusic,com.maxrave.simpmusic,https://h5.2113.net/apps/simpmusic.html,Media,2.2.0,59,2026-09-26,27497350,1b93a9cdc1bdee379f4089c0306fabcb45cc627b4146f53feff46be460926a72,76c53bd813ae8f1ce2778f7814b515785719bf9a82c6bee03b8b2dfd706055a1,developer,v1;v2;v3,izzy,,https://github.com/maxrave-dev/SimpMusic,GPL-3.0-only,26,Android 8.0,36,arm64-v8a,14,,NonFreeNet,
AnySoftKeyboard,com.menny.android.anysoftkeyboard,https://h5.2113.net/apps/anysoftkeyboard.html,Productivity,1.13.8175,8175,2026-03-11,24880061,daa95017e673f8f533fbcfa6839673ad76d66f1ad17f288d2220f751fcc258a6,716be98a10a886045cc3c39a7abaf501b9434b9602b25d02a89c326b7c7b9d0a,fdroid,v1;v2;v3,fdroid,,https://github.com/AnySoftKeyboard/AnySoftKeyboard,Apache-2.0,23,Android 6.0,35,arm64-v8a;armeabi-v7a;x86;x86_64,6,,,
Metrolist,com.metrolist.music,https://h5.2113.net/apps/metrolist.html,Media,13.7.0,153,2026-09-08,26868210,6d2a5b6a2c7df2b09c6c31969a3978a61898879556f226bb3095596f07c874d7,e32c4f2efd7ee9548faee22e45a60425f7728a55a610fd5e8ab9364f74b7bcc9,developer,v1;v2;v3,izzy,,https://github.com/MetrolistGroup/Metrolist,GPL-3.0-only,26,Android 8.0,36,arm64-v8a;armeabi-v7a;x86;x86_64,12,,NonFreeNet,
Zalith Launcher 2,com.movtery.zalithlauncher.v2,https://h5.2113.net/games/zalith-launcher-2.html,Minecraft Launchers,2.6.1,200043,2026-09-28,354552390,9877594734887ec60f8d87cf8bfc125a637098c23d07341957ce6748007f3422,851381b5eb6f169a2da6e323ff674accc835c6fc47b15bbfd7920578e97b0689,developer,v2,github,https://github.com/ZalithLauncher/ZalithLauncher2/releases/tag/2.6.1,https://github.com/ZalithLauncher/ZalithLauncher2,GPL-3.0,26,Android 8.0,34,arm64-v8a;armeabi-v7a;x86;x86_64,20,,,
Kizzy,com.my.kizzy,https://h5.2113.net/apps/kizzy.html,Network & Privacy,6.2,14,2026-07-30,7234103,141a48afacbc0c1a3c4eb6a0c0ab271516037fcd3a07f0114e16bdb4be69e486,006cf57063d2fc28a0f351e0ee313142dfc965041470f665e2a204792426e66d,developer,v2,izzy,,https://github.com/dead8309/Kizzy,GPL-3.0-only,26,Android 8.0,36,arm64-v8a;armeabi-v7a;x86;x86_64,14,,NonFreeNet,
Florid,com.nahnah.florid,https://h5.2113.net/apps/florid.html,System Tools,1.4.0,2017,2026-09-07,28516626,1f7c2ae7c9735419669d375b568072c8be81cc14233ab17fee2710824802e571,8486d1cb98e0ebeba90b5715c5e9196c6867f0db1044d760416c139e5c10ce12,developer,v2,github,https://github.com/Nandanrmenon/florid/releases/tag/v1.4.0+17,https://github.com/Nandanrmenon/florid,GPL-3.0,24,Android 7.0,36,arm64-v8a,19,,,
Nextcloud,com.nextcloud.client,https://h5.2113.net/apps/nextcloud.html,Cloud & Sync,35.0.0,350000090,2026-09-17,96757432,2d08059c9a0a94ef4316e5c8491e3c6aee99a87b58bb796163c44e08deb1615c,5709576f9d6c6a7687dd5d56b269d1fa5e379702b91bc83f39fd7b7c597c1b83,fdroid,v1;v2;v3,fdroid,,https://github.com/nextcloud/android,GPL-2.0-only,28,Android 9,36,arm64-v8a;x86_64,33,,,
PhotonCamera,com.particlesdevs.photoncamera,https://h5.2113.net/apps/photoncamera.html,Media,0.88,17884,2024-12-06,11920759,0363bc184e45f82694469c6599c2ec7769f17431501d502662573b1fd51d2ac8,255cb09eaddd26a9cc680786e4985372cf24d0e54bb120fc44d48f3273ff3956,developer,v2,izzy,,https://github.com/eszdman/PhotonCamera,GPL-3.0-or-later,26,Android 8.0,33,arm64-v8a,13,,ApplicationDebuggable,
PCAPdroid mitm,com.pcapdroid.mitm,https://h5.2113.net/apps/pcapdroid-mitm.html,Network & Privacy,2.4,26,2026-08-24,28020180,8268c55ddf1a63bd6c718bb57c34623228fccecafa0b77a6a974896339c93fe5,ac701125e653189b2bbaa78fba60c1136b88b8780078db0dc4257f019c81c9fe,developer,v2,izzy,,https://github.com/emanuele-f/PCAPdroid-mitm,GPL-3.0-only,24,Android 7.0,34,arm64-v8a,6,,,
Prism File Explorer,com.raival.compose.file.explorer,https://h5.2113.net/apps/prism-file-explorer.html,System Tools,1.3.2,10,2025-09-12,10722682,49ffa960bb52876d03b29c21576becff391a59e847c7d56e07117d4ee946dc0f,830166b8bea60c42c6785459043adc1fb3b30537a56a7c90a595cb9e08126c26,developer,v1;v2;v3,izzy,,https://github.com/Raival-e/Prism-File-Explorer,GPL-3.0-only,26,Android 8.0,36,arm64-v8a;armeabi-v7a;x86;x86_64,12,,,
Payload Dumper,com.rajmani7584.payloaddumper,https://h5.2113.net/apps/payload-dumper.html,System Tools,5.2,20260713,2026-07-19,5962251,0d8d4cd19a0bc6ef7b883c51f6904c34c79b775d023ccef69a6c4bb2a67512b6,24cb175eab56f2af3c73b80a89ef0f02d619730673fa9eaa873d2c93ef8e92b3,developer,v1;v2;v3,izzy,,https://github.com/rajmani7584/Payload-Dumper-Android,GPL-3.0-only,28,Android 9,37,arm64-v8a;armeabi-v7a;x86;x86_64,6,,,
RetroArch,com.retroarch,https://h5.2113.net/games/retroarch.html,Console Emulators,1.22.2,1597175267,2025-11-22,30940927,7120fd7a7f15b7a260366a8122c77070a80bc14bf28d34bc609439b2b52fdb64,f2b1eabcde44d62b9692c52801077c931dcb86293c2b3967bdc644a1c8d837eb,fdroid,v1;v2;v3,fdroid,,https://github.com/libretro/RetroArch,GPL-3.0-only,16,Android 4.1,28,arm64-v8a;armeabi-v7a;x86;x86_64,4,,NonFreeNet,
Global Icon Pack,com.richardluo.globalIconPack,https://h5.2113.net/apps/global-icon-pack.html,Customization,0.6.1,601,2026-09-21,2160302,53a9a2dfaa801ff045ba8bd8ee1d6714f59ce4228ee48e7234052fa99ff66f4c,4b285259d29e7fe0e5ac7ca0e0987445992d8feaa48e3054e579d97005d616b3,developer,v2,izzy,,https://github.com/RichardLuo0/global-icon-pack-android,GPL-3.0-only,27,Android 8.1,37,arm64-v8a;armeabi-v7a;x86;x86_64,6,,,
FireWall Blocks,com.shayan.firewall,https://h5.2113.net/apps/firewall-blocks.html,Network & Privacy,1.5.shynoid,8,2026-05-28,12681333,39b1fea1663241083d2bf2d8358dbe31388c4e2a7379d7abb685655eb586ab85,e2511eca05e29878980e8fd8adc6bfe346019fced7a5109b4f521babbaa25ce3,developer,v2,izzy,,https://github.com/shynoiddev/FireWall-Blocks,MIT,30,Android 11,34,,10,,,
Lemuroid,com.swordfish.lemuroid,https://h5.2113.net/games/lemuroid.html,Console Emulators,1.17.0,252,2026-04-29,11970354,f83912a5c276f3616833fcf1b44a8e40c61d5a20f76db3f4297d6c1f63805c42,36e9853f4884e55c35803dbf671e1493e8b0b4d33e635ed84dbaa83bcad8303c,fdroid,v1;v2;v3,fdroid,,https://github.com/Swordfish90/Lemuroid,GPL-3.0-or-later,23,Android 6.0,35,arm64-v8a;armeabi-v7a;x86;x86_64,13,,NonFreeAdd;NonFreeNet,
Tailscale,com.tailscale.ipn,https://h5.2113.net/apps/tailscale.html,Network & Privacy,1.102.4-t3caf7d9e7-g8fbef364a,298177930,2026-09-14,105453561,de525c72705631d19a6608fb75ea803e7dee9df40334403449f5509006404bfc,3705f184cb67d683e76ecc203cc9cc357e6448c50e59002419085b4c286df0e8,fdroid,v1;v2;v3,fdroid,,https://github.com/tailscale/tailscale-android,BSD-3-Clause,26,Android 8.0,36,arm64-v8a;armeabi-v7a;x86;x86_64,12,,Tracking,
Termux,com.termux,https://h5.2113.net/apps/termux.html,System Tools,0.118.3,1002,2025-05-29,113880067,e6265a57eb5ca363808488e3b01955958bed93bc0c8a0d281849b363b11027ec,228fb2cfe90831c1499ec3ccaf61e96e8e1ce70766b9474672ce427334d41c42,fdroid,v1;v2;v3,fdroid,,https://github.com/termux/termux-app,GPL-3.0-only,24,Android 7.0,28,arm64-v8a;armeabi-v7a;x86;x86_64,15,,,0.118.2;0.118.1;0.118.0;0.117
Termux:API,com.termux.api,https://h5.2113.net/apps/termux-api.html,System Tools,0.53.0,1002,2025-09-05,3956196,4497dbbf81906df52e59ed387a5223d225aa0de3aca817cc557a621e4dadda44,228fb2cfe90831c1499ec3ccaf61e96e8e1ce70766b9474672ce427334d41c42,fdroid,v1;v2;v3,fdroid,,https://github.com/termux/termux-api,GPL-3.0-only,24,Android 7.0,28,,35,,,
Termux:Boot,com.termux.boot,https://h5.2113.net/apps/termux-boot.html,System Tools,0.8.1,1000,2024-06-26,26000,6f7cf9b94f539d3efd4af3544ff819947b49395275d8cfa7e5f80de14f3d9cf8,228fb2cfe90831c1499ec3ccaf61e96e8e1ce70766b9474672ce427334d41c42,fdroid,v1;v2;v3,fdroid,,https://github.com/termux/termux-boot,GPL-3.0-only,21,Android 5.0,28,,2,,,
Termux:GUI,com.termux.gui,https://h5.2113.net/apps/termux-gui.html,System Tools,0.1.6,7,2025-02-20,3492051,f9bcb38c65a193da2b307385a55ab86632c4f9c1abd5250a0e1a8bd21145013f,228fb2cfe90831c1499ec3ccaf61e96e8e1ce70766b9474672ce427334d41c42,fdroid,v1;v2;v3,fdroid,,https://github.com/termux/termux-gui,GPL-3.0-only,24,Android 7.0,33,arm64-v8a;armeabi-v7a;x86;x86_64,4,,,
Termux:Styling,com.termux.styling,https://h5.2113.net/apps/termux-styling.html,System Tools,0.32.1,1000,2024-06-26,32930486,799a53f096c28e2aafae918f5ab91de500526bc5461030dbceea4e89bf56b68f,228fb2cfe90831c1499ec3ccaf61e96e8e1ce70766b9474672ce427334d41c42,fdroid,v1;v2;v3,fdroid,,https://github.com/termux/termux-styling,GPL-3.0-only,21,Android 5.0,28,,0,,,
Termux:Tasker,com.termux.tasker,https://h5.2113.net/apps/termux-tasker.html,System Tools,0.9.0,1002,2025-09-05,2892038,f8cd889f9987759bcaeb68b8a8ba337085b5938b97a5cd9f05a4e610d411ef5e,228fb2cfe90831c1499ec3ccaf61e96e8e1ce70766b9474672ce427334d41c42,fdroid,v1;v2;v3,fdroid,,https://github.com/termux/termux-tasker,GPL-3.0-only,21,Android 5.0,28,,2,,NonFreeDep,
Termux:Widget,com.termux.widget,https://h5.2113.net/apps/termux-widget.html,System Tools,0.15.0,1001,2025-09-05,5873060,45fb3f56a7248cb8e14b24b478357e340c63d6cfabb87ff5be94b667ad1688d6,228fb2cfe90831c1499ec3ccaf61e96e8e1ce70766b9474672ce427334d41c42,fdroid,v1;v2;v3,fdroid,,https://github.com/termux/termux-widget,GPL-3.0-only,24,Android 7.0,28,arm64-v8a;armeabi-v7a;x86;x86_64,2,,,
Termux:Float,com.termux.window,https://h5.2113.net/apps/termux-float.html,System Tools,0.17.0,1001,2025-09-05,1945141,380f0dbb35d3142931b8918b976bac05ff59a717e8b396b9c82f72b894b8e220,228fb2cfe90831c1499ec3ccaf61e96e8e1ce70766b9474672ce427334d41c42,fdroid,v1;v2;v3,fdroid,,https://github.com/termux/termux-float,GPL-3.0-only,24,Android 7.0,28,arm64-v8a;armeabi-v7a;x86;x86_64,3,,,
Magisk,com.topjohnwu.magisk,https://h5.2113.net/apps/magisk.html,Root & Mods,30.7,30700,2026-02-23,11613864,e0d32d2123532860f97123d927b1bb86c4e08e6fd8a48bfc6b5bee0afae9ebd5,b4cb83b4dad99f997dbe872f013aa16c14eec41d167021f371f7e1330f273ee6,developer,v1;v2,github,https://github.com/topjohnwu/Magisk/releases/tag/v30.7,https://github.com/topjohnwu/Magisk,GPL-3.0,23,Android 6.0,36,arm64-v8a;armeabi-v7a;x86;x86_64,11,,,30.6;29.0;28.1;28.0
Fold Craft Launcher,com.tungsten.fcl,https://h5.2113.net/games/fold-craft-launcher.html,Minecraft Launchers,1.3.3.6,1336,2026-09-30,329923401,2523a999919e2f5e32def25a252513ab2d080c18a73a194f71262bece14d51d4,be114d96613f7375a510d836680b456c9d528d15b24c382b1137480f15894e5e,developer,v2,github,https://github.com/FCL-Team/FoldCraftLauncher/releases/tag/1.3.3.6,https://github.com/FCL-Team/FoldCraftLauncher,GPL-3.0,26,Android 8.0,34,arm64-v8a;armeabi-v7a;x86;x86_64,21,,,
Unciv,com.unciv.app,https://h5.2113.net/games/unciv.html,Strategy Games,4.22.6-patch1,1267,2026-10-03,27334751,c03cb2b887b855bba8216a8f482e43551f8d3a5af97d93e3cc2aa836ff101589,cd16e386469f23988fc9cdeca01bfefbd0deaed13a4907bce76e91acc9662c68,fdroid,v1;v2;v3,fdroid,,https://github.com/yairm210/Unciv,MPL-2.0,21,Android 5.0,36,arm64-v8a;armeabi-v7a;x86;x86_64,7,,,
VIVI Music,com.vivi.vivimusic,https://h5.2113.net/apps/vivi.html,Media,6.0.8,77,2026-09-25,29694136,042f4bb4f3587a224451d7ab143cb4e86b7a74c8065703fc2f1a86729e66d09c,e0581bab0b930b179396e13008aa08509cdcd1ee38f7ae54102fc3cf93256a9d,developer,v1;v2;v3,izzy,,https://github.com/vivizzz007/vivi-music,GPL-3.0-only,26,Android 8.0,37,arm64-v8a;armeabi-v7a;x86;x86_64,15,,NonFreeNet,
Winlator,com.winlator,https://h5.2113.net/games/winlator.html,PC Emulators,11.2,33,2026-08-19,157549075,ea5c81bf0e5b90a6b9ccb8007121ab6738c8646a5a60b341ce0ac2b33f1d100a,e576bf5035e4bba4efb2c5099f9d74a95cc3abe8e3b6b0c72219cc07eac8c8fb,developer,v2,github,https://github.com/brunodev85/winlator/releases/tag/v11.2.0,https://github.com/brunodev85/winlator,LGPL-2.1,26,Android 8.0,28,arm64-v8a,11,,,
WG Tunnel,com.zaneschepke.wireguardautotunnel,https://h5.2113.net/apps/wg-tunnel.html,Network & Privacy,5.7.5,50705,2026-09-26,18566786,4ac03ebf173fa8655f71c26205b4bc0beef4618b216507db47ba0d15b432b438,5204d82e766e8aa14dcbb06dc70aebae2bdd812d4d6203cd521a8a685d7d3d80,developer,v2,izzy,,https://github.com/wgtunnel/android,MIT,26,Android 8.0,37,arm64-v8a,21,,,
Free Notifications,de.binarynoise.freeNotifications,https://h5.2113.net/apps/free-notifications.html,Root & Mods,66-894ca4a-20251216,66,2025-12-17,19849,157fb1082bdd39323a0839bc0f50bf7a33a9cf5efbcbfe58002bb44a60bf90bd,70692bac877fad4481f01c181125ebb66d0e234f45f7e88e4200fb566c7207c9,developer,v2,izzy,,https://github.com/binarynoise/XposedModulets,EUPL-1.2,26,Android 8.0,36,,0,,,
OpenVPN for Android,de.blinkt.openvpn,https://h5.2113.net/apps/openvpn-for-android.html,Network & Privacy,0.7.65,220,2026-09-11,39765197,3ce86b641d1627820d8f05606a3fb58d966ffa8360c234563b3c5e1bd3a8490a,4cd330fe6593e2e64b1e1fa383f0c6d73892184fc1cd1a909e71d558d862e212,fdroid,v1;v2;v3,fdroid,,https://github.com/schwabe/ics-openvpn,GPL-2.0-only,23,Android 6.0,37,arm64-v8a;armeabi-v7a;x86;x86_64,10,,,
Disable Target API Block,de.buttercookie.disabletargetapiblock,https://h5.2113.net/apps/disable-target-api-block.html,Root & Mods,1.2,5,2025-10-18,13976,e9d675c2fefeb4e47ee43eb15f4cd8393c1e8c7ccb831a531cfaf00add3a974b,7baab2feb8ac7fe10fe5414e4d28aa901a525981b1201e2d583df5bb6d9b1b13,developer,v2,izzy,,https://github.com/buttercookie42/DisableTargetAPIBlock,MPL-2.0,34,Android 14,36,,0,,,
AntennaPod,de.danoeh.antennapod,https://h5.2113.net/apps/antennapod.html,Media,3.12.2,3120295,2026-09-20,17749828,3f43a4337a693cdb49141afe06cb596e88c796009ed77bff51e9444ce2d1ebfc,179430565a4a04bfe7827483243099bd10870410800cd7c4c7b48d8d3226df55,fdroid,v1;v2;v3,fdroid,,https://github.com/AntennaPod/AntennaPod,GPL-3.0-only,23,Android 6.0,36,arm64-v8a;armeabi-v7a;x86;x86_64,11,,,
Kvaesitso,de.mm20.launcher2.release,https://h5.2113.net/apps/kvaesitso.html,Customization,1.41.0,2026091500,2026-09-15,13936180,55e4a287f1198be22f040c2ad1443f5861b58b1d1394d7377221f1ad4448b810,bf65bbd617997397800d02e0ac2e45cee153151518545c23ef66b3cb2cfdf7bc,developer,v2,izzy,,https://github.com/MM2-0/Kvaesitso,GPL-3.0-or-later,26,Android 8.0,36,arm64-v8a;armeabi-v7a;x86;x86_64,29,,NonFreeDep;NonFreeNet,
Activity Launcher,de.szalkowski.activitylauncher,https://h5.2113.net/apps/activity-launcher.html,System Tools,2.4.1,20406,2026-07-10,3401777,d8ab42f6ab5943b380d96dd430e377d49bdc816ac792429ed0ca66768c41b153,2015709d519fd686b1e37b334f12082cbafcb9f5126a68a25b172043ebb581de,fdroid,v1;v2;v3,fdroid,,https://github.com/butzist/ActivityLauncher,ISC,16,Android 4.1,37,,5,,,
Next Player,dev.anilbeesetti.nextplayer,https://h5.2113.net/apps/next-player.html,Media,0.18.0,74,2026-09-16,18948102,717ab28053af129f79442aed269843bc3f2009b132c9d955342ddc3117dfd044,d37cabf3676cf58224fb242c8dd209129d05880379295faaa6d0fb607bec131b,developer,v2,izzy,,https://github.com/anilbeesetti/nextplayer,GPL-3.0-only,24,Android 7.0,37,arm64-v8a,11,,,
Obtainium,dev.imranr.obtainium.fdroid,https://h5.2113.net/apps/obtainium.html,System Tools,1.6.17,23563,2026-09-15,26088490,8d03b4f02f070d8e64f448ce77ad66daccce9a585e4015b984ee5a7ddee9c29c,b353601f6a1d5fd6603ae2f50be80cf301367b86b6ab8b1f66243da96cd57362,developer,v1;v2;v3,fdroid,,https://github.com/ImranR98/Obtainium,GPL-3.0-only,26,Android 8.0,36,arm64-v8a,18,,,
Install with Options,dev.zwander.installwithoptions,https://h5.2113.net/apps/install-with-options.html,System Tools,0.9.2,27,2026-03-15,13092588,e448eb297733b7a194b27f47b502f2ae14d17b97e98b799925eb3dc0e15f937f,e6565e92740a44d5550a03dc34f1b2a736f8b13f60a2a5f29f1fb9364b6fc56e,developer,v2,izzy,,https://github.com/zacharee/InstallWithOptions,MIT,24,Android 7.0,36,arm64-v8a;armeabi-v7a;x86;x86_64,6,Bugsnag,,
NetGuard,eu.faircode.netguard,https://h5.2113.net/apps/netguard.html,Network & Privacy,2.337,2026080101,2026-08-02,3222200,150a0362f04408c2d3cc7fb38d7e126445019d523489c8d82df6fb456c4e6ad2,e4a260a2dce7b7af23ee919c489e15fd0102b93f9e7c9d82b09c0b395000e4d4,developer,v1;v2,izzy,,https://github.com/M66B/NetGuard,GPL-3.0-only,23,Android 6.0,36,arm64-v8a;armeabi-v7a;x86;x86_64,14,,NonFreeComp;NonFreeNet,
KISS Launcher,fr.neamar.kiss,https://h5.2113.net/apps/kiss-launcher.html,Customization,3.26.0,224,2026-07-03,2205788,da6ab0b1219ad3b5ee573698523fb15d60a918083e0843f94a03c1b12e1098c9,ec038e5b12c9fb8df23b5ecc1f71dd251bc503b30cec8d58a00cfae2c31abf1b,fdroid,v1;v2;v3,fdroid,,https://github.com/Neamar/KISS,GPL-3.0-only,21,Android 5.0,36,,9,,,
SkyTube,free.rm.skytube.oss,https://h5.2113.net/apps/skytube.html,Media,2.999,59,2026-05-27,9307080,fd68f3689b53e56bdf967cfb6d5876fa35049ae3483303a2acad6ce7cfdd77be,435adf83d60ff5a9ccdcab9971865dca86f5086f615e83369aa6bbce26f5a830,fdroid,v1;v2;v3,fdroid,,https://github.com/SkyTubeTeam/SkyTube,GPL-3.0-only,19,Android 4.4,28,,4,,NonFreeNet,
HeliBoard,helium314.keyboard,https://h5.2113.net/apps/heliboard.html,Productivity,4.1,4101,2026-08-30,22413693,eb9c06685ebd5b7307491da9ef15fb5e29694077a934a8699b9b6772c6f76075,5ec0a5313aa43558ee75b20b58ccd8194cdbf066df94a43ba288d933d60b86ce,developer,v1;v2,izzy,,https://github.com/HeliBorg/HeliBoard,GPL-3.0-only,21,Android 5.0,36,arm64-v8a;armeabi-v7a;x86;x86_64,6,,,
aShell You,in.hridayan.ashell,https://h5.2113.net/apps/ashell-you.html,System Tools,v7.4.0,62,2026-05-22,11490894,0ff9a694fcdb2dafd5661cac285a49b4541c7b33bc38e8e1aebaffa5a48e34b2,dc4217203a7284bd159d7b863b7990620069c7929d6f5a51f59a321e77f18d4c,developer,v2,izzy,,https://github.com/DP-Hridayan/aShellYou,GPL-3.0-or-later,28,Android 9,36,arm64-v8a;armeabi-v7a;x86;x86_64,18,,,
aShell,in.sunilpaulmathew.ashell,https://h5.2113.net/apps/ashell.html,System Tools,v0.29,29,2026-09-11,2200008,1a09be44bddf425e97f59d89b4096d59250d9e5b0083e25d8a56b02237e61064,b427a24788ce5c44243284a64ff629c5bb72ac309356a1f1ee7d2413339fe424,developer,v2,izzy,,https://gitlab.com/sunilpaulmathew/ashell,GPL-3.0-or-later,24,Android 7.0,37,,3,,,
PipePipe,InfinityLoop1309.NewPipeEnhanced,https://h5.2113.net/apps/pipepipe.html,Media,5.4.0,110904,2026-09-25,32359236,fd1013786971bb206ca00e0bc98a4096e90a29e43e0c3d2f8659f277f3fe1c54,dec73429ce2563275f5ed19825e44652b32b363a46f38bdff9ad6dcde4842d88,developer,v1;v2,izzy,,https://github.com/InfinityLoop1308/PipePipe,GPL-3.0-only,23,Android 6.0,36,arm64-v8a,11,ACRA,NonFreeNet,
Mindustry,io.anuke.mindustry,https://h5.2113.net/games/mindustry.html,Strategy Games,8-fdroid-160.5,1113,2026-09-26,78535102,7695c00507a2ed5e7838d845ee13a14b38de6b81d53ce9caf10a17b15b98e086,fbd07935ef2e2ada5d918aea62ec25dd7dda7407492c6c3d1582b59b6cb84bed,fdroid,v1;v2;v3,fdroid,,https://github.com/Anuken/Mindustry,GPL-3.0-or-later,21,Android 5.0,36,arm64-v8a;armeabi-v7a;x86;x86_64,3,,,
FreeTube Android,io.freetubeapp.freetube,https://h5.2113.net/apps/freetube.html,Media,0.25.3.1,250003001,2026-09-13,5145861,a52dd1307ac5847393fe7e1a0803a8013f4001b9d202eb1f7bf0bf7774deb7f7,4d9664daae8a83532756adc8777e96a6de9f8497bb60ad1c782adb71fae80fc1,developer,v2,izzy,,https://github.com/MarmadileManteater/FreeTubeAndroid,AGPL-3.0-or-later,29,Android 10,34,,6,,NonFreeNet,
HideMockLocation,io.github.auag0.hidemocklocation,https://h5.2113.net/apps/hidemocklocation.html,Root & Mods,2.3.1,11,2026-05-12,21958,f74c113ddd134901988339e1822cc3b19fb57991544206789422068dd89e907a,06c19b8aeb0fdf14bef31ea34834d6ba7a3f38856728ff1fa35e334ef7fc2db1,developer,v2,izzy,,https://github.com/auag0/HideMockLocation,MIT,26,Android 8.0,36,,0,,,
App Manager,io.github.muntashirakon.AppManager,https://h5.2113.net/apps/app-manager.html,System Tools,4.1.1,451,2026-09-04,28270163,2540d6d9352acd8b04d6210140630a380abb1bc46ad4745c89ad97603dee3c40,320c0c0fe8cef873f2b554cb88c837f1512589dcced50c5b25c43c04596760ab,developer,v1;v2;v3,izzy,,https://github.com/MuntashirAkon/AppManager,GPL-3.0-only,21,Android 5.0,36,arm64-v8a;armeabi-v7a;x86;x86_64,63,,,
Current Activity,io.github.ratul.topactivity,https://h5.2113.net/apps/current-activity.html,System Tools,2.2.0,25,2026-03-28,2580693,c8916f9832c75017aa89745b119669feb25357ef5c22abac86ab23e37b294fb3,09252c3533c4378957d22ead9165dbd91fb252119e7fce7eb595dcca6c4b6748,developer,v2,izzy,,https://github.com/codehasan/Current-Activity,GPL-3.0-or-later,24,Android 7.0,36,,6,,,
Canta,io.github.samolego.canta,https://h5.2113.net/apps/canta.html,System Tools,4.0.0,226,2026-10-02,5022883,7ad02041900c1ab2f2ffca0ecfc2d2c01f217a5894e92c95f37852ba975560ce,0a2640317c43272188c3e13194c15460691f12c39ea19bba727dd67fb56289d4,developer,v2,izzy,,https://github.com/samolego/Canta,LGPL-3.0-or-later,28,Android 9,37,arm64-v8a;armeabi-v7a;x86;x86_64,7,,NonFreeDep;NonFreeNet,
Key Mapper,io.github.sds100.keymapper,https://h5.2113.net/apps/key-mapper.html,System Tools,4.5.0-foss,271,2026-09-22,15034751,9896a5d9b7ad976cc14f8f6d88ab4f57952b44f9bc32f68c87b03e1987204806,f4d753302710c9a7a40885c891aebdb1a0f275122fdcdb7c2f45a202b213f373,fdroid,v1;v2;v3,fdroid,,https://github.com/keymapperorg/KeyMapper,GPL-3.0-only,26,Android 8.0,37,arm64-v8a;armeabi-v7a;x86;x86_64,33,,Ads,
KnoxPatch,io.mesalabs.knoxpatch,https://h5.2113.net/apps/knoxpatch.html,Root & Mods,0.8.3,8003,2026-06-25,3364844,fff78f1c0a7aa3ed2a0db98cfba3d1a9f2f9f907ae045476da5d578cd9f87365,339fb64d24a6a8c1c7ab85b6059ff810eae3bd1481a3af51a08f08d658e9172d,developer,v2,izzy,,https://github.com/salvogiangri/KnoxPatch,GPL-3.0-or-later,28,Android 9,36,arm64-v8a;armeabi-v7a;x86;x86_64,1,,,
Unexpected Keyboard,juloo.keyboard2,https://h5.2113.net/apps/unexpected-keyboard.html,Productivity,2.1.0,56,2026-09-09,1104032,d68353621aa2a23968469c657d006a82d4c099d0fce43b4bc9157a728d6f91ad,0fd96daf7a70981edc7af42d14a20ff19e90514c9966de93abb7af251453efc4,developer,v1;v2,fdroid,,https://github.com/Julow/Unexpected-Keyboard,GPL-3.0-only,21,Android 5.0,36,arm64-v8a;armeabi-v7a;x86;x86_64,5,,,
Open SSTP Client,kittoku.osc,https://h5.2113.net/apps/open-sstp-client.html,Network & Privacy,1.10.2,49,2026-05-02,5848328,eaae3fc3b238d28567a661be6bd57df57aa293bfb2cfeed74cb78397672cb5ca,35a0107f1c39134a4ee7c03272fdccb80aac4b864583d063fef63758277de3d5,developer,v1;v2,izzy,,https://github.com/kittoku/Open-SSTP-Client,MIT,23,Android 6.0,35,,7,,,
Bloomee,ls.bloomee.musicplayer,https://h5.2113.net/apps/bloomee.html,Media,3.0.4,2202,2026-05-29,24426451,472081c0bcd1c94a41eb563e4a3505d7ae96e6eefa046060406a99f0c2052fec,7df992b9643abd442ad5eac0417503e0d8c4275104a0a66d8cf43df69611a47e,developer,v2,izzy,,https://github.com/HemantKArya/BloomeeTunes,GPL-2.0-only,24,Android 7.0,36,arm64-v8a,12,,,
Edge Seek,lsafer.edgeseek,https://h5.2113.net/apps/edge-seek.html,System Tools,0.3-pre.7,21,2025-11-19,9904522,bdc83b9bfae7c983bba475309d1c9e545b0f1255e6a2168b9b09b406a31c0f8b,fdfab44ae3e4cad95ebf96cd6132c72c7cb1903216ac67f928fb52d5d7df6347,developer,v2,izzy,,https://github.com/LSafer/edgeseek,Apache-2.0,24,Android 7.0,36,arm64-v8a;armeabi-v7a;x86;x86_64,9,,,
USB HID Client,me.arianb.usb_hid_client,https://h5.2113.net/apps/usb-hid-client.html,System Tools,v3.1.0,310,2026-08-17,2869054,70b40b06e80e0184442b02eaedbe9b9f0cd9f155ba107beaaf70bb639ffb954d,2fb511247808358a1e0a6ab81fc66cf5445fb560cae050a895a2e008561b3d43,developer,v2,izzy,,https://github.com/Arian04/android-hid-client,GPL-3.0-only,26,Android 8.0,33,arm64-v8a;armeabi-v7a;x86;x86_64,1,,,
APatch,me.bmax.apatch,https://h5.2113.net/apps/apatch.html,Root & Mods,0355948,11219,2026-08-01,5364295,cadc957b2c76ac28bcb351cd09d12c48cb32d2848eac4596b04e8fb0fe72f501,d71dadc0ca07bdf594383bfb2a445134a07339f12a27044a1b326981acf5f319,developer,v1;v2;v3,izzy,,https://github.com/bmax121/APatch,GPL-3.0-only,26,Android 8.0,36,arm64-v8a,5,,,
Kreate,me.knighthat.kreate,https://h5.2113.net/apps/kreate.html,Media,2.2.3-izzy,141,2026-07-02,18859526,c4ae33d286489f9ea2459540e8acad4be74b9a1de76fce4aab4adb29c5f000c9,1bd03a8de5df4dbd7faddb81b9f2aaf55681a584a93d6fb47e9a5ccc736ef7ac,developer,v1;v2,izzy,,https://github.com/knighthat/Kreate,GPL-3.0-only,23,Android 6.0,36,arm64-v8a;armeabi-v7a;x86;x86_64,16,,NonFreeNet,
melonDS,me.magnum.melonds,https://h5.2113.net/games/melonds.html,Console Emulators,2.0.1 GH,40,2026-05-06,21061910,646eb4564c71b0817ace6474e92c169da16630d58826c43e0fe648896311ec94,0493bb8749289f0304cc868489dd68b930c19ccc4dce2da876bfe6b9bdbabebc,developer,v2,github,https://github.com/rafaelvcaetano/melonDS-android/releases/tag/2.0.1,https://github.com/rafaelvcaetano/melonDS-android,GPL-3.0,24,Android 7.0,36,arm64-v8a;armeabi-v7a;x86_64,16,,,
KernelSU,me.weishu.kernelsu,https://h5.2113.net/apps/kernelsu.html,Root & Mods,v3.3.0,32601,2026-08-28,10777987,c197060ecb89702e7d54a4c95e29cf5e8d97369bbbb436979ab7fd6bcde7b077,c371061b19d8c7d7d6133c6a9bafe198fa944e50c1b31c9d8daa8d7f1fc2d2d6,developer,v2,izzy,,https://github.com/tiann/KernelSU,GPL-3.0-only,31,Android 12,37,arm64-v8a;x86_64,7,,,v3.2.5;v3.2.4
Material Files,me.zhanghai.android.files,https://h5.2113.net/apps/material-files.html,System Tools,1.7.5,40,2026-09-22,10944578,2fe900bf43d725b655008d438f5ca46d0da0f301e3784403b5b96c3fc2df6e8a,9c22a742fa200c85bafbc9924a02ddc8f3a0b975d4d7b5a8da21d7cf34ce2b20,fdroid,v1;v2;v3,fdroid,,https://github.com/zhanghai/MaterialFiles,GPL-3.0-or-later,23,Android 6.0,36,arm64-v8a;armeabi-v7a;x86;x86_64,14,,,
Volume Manager,moe.chensi.volume,https://h5.2113.net/apps/volume-manager.html,Media,0.2,4,2025-08-18,18198007,c1f1480166e486d16ec2db8f2a47a0bb6336c13c454c4290c93eb14b4027f02c,74cdd6422595d84f046eab3e96bf29401b2346532300c6155d50122d589235dc,developer,v1;v2;v3,izzy,,https://github.com/yume-chan/VolumeManager,GPL-2.0-only,33,Android 13,35,arm64-v8a;armeabi-v7a;x86;x86_64,4,,,
NekoBox,moe.nb4a,https://h5.2113.net/apps/nekobox.html,Network & Privacy,1.4.2,230,2026-02-09,15252519,d01e76feeb05e4701f3ae382cb71c0a3ebb77039005e5893f8817e1051f8ac28,35762758ce86a6ec297d9ccac689469bc43b9fed8ae1b27f100a86bbac00a055,developer,v1;v2,izzy,,https://github.com/MatsuriDayo/NekoBoxForAndroid,GPL-3.0-only,21,Android 5.0,35,arm64-v8a,19,,,
ArchiveTune,moe.rukamori.archivetune,https://h5.2113.net/apps/archivetune.html,Media,15.1.0,142,2026-09-26,37166003,e9f13ff113c2defbd1bfb8bbef570eb43e37f544bfa9528846fd742976beb450,bb2e5b7e476c0de63b06686209c0f60e904f9988e9bb452da280596e8ae98e33,developer,v1;v2;v3,github,https://github.com/rukamori/ArchiveTune/releases/tag/v15.1.0,https://github.com/rukamori/ArchiveTune,GPL-3.0,26,Android 8.0,37,arm64-v8a;armeabi-v7a;x86;x86_64,17,,,
Shizuku,moe.shizuku.privileged.api,https://h5.2113.net/apps/shizuku.html,System Tools,13.6.0.r1086.2650830c,1086,2025-05-29,2571773,6e273ab0e991c4e79bc8b1bbb9b9dd739ccac1a8712a541a214078886b7b790f,268b5590e868fb08bae7e0ac413564cd1ff88f5ccff74af9dbd0dc918e30db30,developer,v2,izzy,,https://github.com/RikkaApps/Shizuku,Apache-2.0,24,Android 7.0,36,arm64-v8a;armeabi-v7a;x86;x86_64,6,,UpstreamNonFree,13.5.4.r1049.0e53409;13.5.3.r1036.fff3f87
Pengeek,name.monwf.customiuizer,https://h5.2113.net/apps/pengeek.html,Root & Mods,25.09.25,75,2025-09-25,2723112,98c48d2edadef6d8428b7b3b16ad19b0ff75f222820a28628e8edb4138bade24,0bec108ccfabd380753d2ed68090398ddfe436d47d67bdb0bb50c969b80fc6a1,developer,v2,izzy,,https://github.com/MonwF/customiuizer,GPL-3.0-only,35,Android 15,35,arm64-v8a,16,,,
Cirno,nep.timeline.cirno,https://h5.2113.net/apps/cirno.html,Root & Mods,7.0,7,2025-06-16,20448736,8289b90780ab9c5a54df5c8644a770842f60833164e58ad595de504230ebcf26,cc437a8c20884735fce878e1ce02014cf69e7b360eec5f13f438e516973d2fa6,developer,v1;v2;v3,izzy,,https://github.com/Freezer-Team/Cirno,GPL-3.0-only,31,Android 12,35,arm64-v8a;armeabi-v7a;x86;x86_64,2,,,
Luanti,net.minetest.minetest,https://h5.2113.net/games/luanti.html,Sandbox Games,5.17.0,5170000,2026-08-29,43074578,87a136d408ed560d3d56e55ca2ac780deb7a8941635b16960c88831fb33f9233,e7d6047c1d75719811b317964a4ab1c0ad3b003bc3b8b3d72925b4d605ca45ee,fdroid,v1;v2;v3,fdroid,,https://github.com/luanti-org/luanti,LGPL-2.1-or-later,21,Android 5.0,35,arm64-v8a;armeabi-v7a;x86;x86_64,3,,,
OpenConnect,net.openconnect_vpn.android,https://h5.2113.net/apps/openconnect.html,Network & Privacy,1.12,1120,2025-03-05,31496937,24e0ca76335317978edb9b4459dbb7be82c7a9502d13001b6c20c06dad89e7e8,4c965471abda2f1959722e0aa15adbe3d3189d98b590e1f0001ae6934ca191e3,developer,v1;v2,fdroid,,https://gitlab.com/openconnect/ics-openconnect,GPL-2.0-or-later,23,Android 6.0,34,arm64-v8a;armeabi;x86;x86_64,5,,,
OsmAnd~,net.osmand.plus,https://h5.2113.net/apps/osmand.html,Reading & Maps,5.3.10,531003,2026-05-11,162183115,27f1eb82d288a9939b7c0bdd0fb94f78749824ffc753d32d421e01cbe487e5e0,38294eaac95c3bb5a994692cd7758f8bcdbffb40819af6e806eb7fe482324dcd,fdroid,v1;v2;v3,fdroid,,https://github.com/osmandapp/Osmand,GPL-3.0-only,24,Android 7.0,35,arm64-v8a,27,,NonFreeAssets;NonFreeNet;Tracking,
Open Camera,net.sourceforge.opencamera,https://h5.2113.net/apps/open-camera.html,Media,1.56.2,96,2026-06-30,4973923,ca5672ca8c7174554ca0b07b5b26e505817a05142f571cf2abe67e790c30249c,438991c968e8d308ca34078d37511c90c502d596baf9f0d0c5fbd1c9bf67df6d,fdroid,v1;v2;v3,fdroid,,https://sourceforge.net/p/opencamera/code,GPL-3.0-or-later,23,Android 6.0,36,,8,,,
AdAway,org.adaway,https://h5.2113.net/apps/adaway.html,Network & Privacy,6.1.4,60104,2024-11-15,16061184,0de00a58a0dbb4c4b6befc9fe1f5e53800993484baab955824798f46fbf3338e,42203f1ac857426d1496e971db96fbe1f88c25c9e1f895a5c98d703891292277,fdroid,v1;v2;v3,fdroid,,https://github.com/AdAway/AdAway,GPL-3.0-only,26,Android 8.0,33,arm64-v8a;armeabi-v7a;x86;x86_64,9,Sentry,,
Amethyst Launcher,org.angelauramc.amethyst,https://h5.2113.net/games/amethyst-launcher.html,Minecraft Launchers,amethyst-legacy-20260731-56194e3-release-1.1.7,10000000,2026-07-31,156535672,6b5579e93f50a62f4d96279683bb447325e5a4de9015deae787eee56c248211f,18ded02f505ece77151295183d86e1126ee5a6522d97dd62c60c8624f7c86cf8,developer,v1;v2,github,https://github.com/AngelAuraMC/Amethyst-Android/releases/tag/1.1.7,https://github.com/AngelAuraMC/Amethyst-Android,LGPL-3.0,21,Android 5.0,34,arm64-v8a;armeabi;armeabi-v7a;mips;mips64;x86;x86_64,10,,,
Breezy Weather,org.breezyweather,https://h5.2113.net/apps/breezy-weather.html,Productivity,6.2.2,60202,2026-08-23,21755054,20a33a588e884257ab9329fee794d30a9d15ea067f64302c70c69c9adc3c6309,29d435f70aa9aec3c1faff7f7ffa6e15785088d87f06ecfcab9c3cc62dc269d8,developer,v1;v2;v3,izzy,,https://github.com/breezy-weather/breezy-weather,LGPL-3.0-only,23,Android 6.0,36,arm64-v8a;armeabi-v7a;x86;x86_64,18,,,
Nova Video Player,org.courville.nova,https://h5.2113.net/apps/nova-video-player.html,Media,6.5.3-20260930.1914,2671314,2026-09-30,84355186,9fb09f80467a82194202ffe157bc7515d00a03b4b4ffd0d4debe4e1ada78f028,05af6804bcad9e7e6d22d2ffc39fca1857a4aeb4385097cad91b11e5bac1f615,developer,v1;v2;v3,github,https://github.com/nova-video-player/aos-AVP/releases/tag/v6.5.3,https://github.com/nova-video-player/aos-AVP,Apache-2.0,23,Android 6.0,36,arm64-v8a;armeabi-v7a;x86;x86_64,24,Sentry,,
Cryptomator,org.cryptomator,https://h5.2113.net/apps/cryptomator.html,Cloud & Sync,2.0.0,3128,2026-06-26,26403624,0d443052f55794a5e0156bd3ffdc8f109a1150f6a009cd83d925690a78b89eb4,f7c3ec3b0d588d3cb52983e9eb1a7421c93d4339a286398e71d7b651e8d8ecdd,developer,v2,izzy,,https://github.com/cryptomator/android,GPL-3.0-only,26,Android 8.0,36,,16,,NonFreeNet,
Dolphin Emulator,org.dolphinemu.dolphinemu,https://h5.2113.net/games/dolphin-emulator.html,Console Emulators,2603a,42460,2026-03-24,20588646,5279425e01c552ba6cde1adc7f08f1c1f5b8f9271c2418a4ad849ee4106ee719,4014f9169e3ff08cd8fdf8ac33419d4603ed95582716494a0392853c91148835,fdroid,v1;v2;v3,fdroid,,https://github.com/dolphin-emu/dolphin,GPL-2.0-or-later,21,Android 5.0,36,arm64-v8a;x86_64,9,,,
Exodus,org.eu.exodus_privacy.exodusprivacy,https://h5.2113.net/apps/exodus.html,Network & Privacy,3.3.2,23,2024-11-23,7289289,3fc2119af9119a187e298e9f6bc2099feae1f83e51dc18d78d5f21a9be0d8ecb,c9a406bd8e614c72bbdd242d56795f7a5ce13c0cf14bac22aec98030a71be486,developer,v1;v2,izzy,,https://github.com/Exodus-Privacy/exodus-android-app,GPL-3.0-only,23,Android 6.0,34,arm64-v8a;armeabi-v7a;x86;x86_64,5,,TetheredNet,
Fossify Calendar,org.fossify.calendar,https://h5.2113.net/apps/fossify-calendar.html,Productivity,1.11.0,22,2026-09-23,7841005,4b946bee820b516ef9e4893a7f92ba2aa187201b15915e159c6f04567648f93e,affdb124d3f4720c2f98dbca9eacba0514fba4306e20a2786c861c3c0d6ff292,developer,v2,izzy,,https://github.com/FossifyOrg/Calendar,GPL-3.0-only,26,Android 8.0,36,arm64-v8a;armeabi-v7a;x86;x86_64,12,,,
Fossify Clock,org.fossify.clock,https://h5.2113.net/apps/fossify-clock.html,Productivity,1.6.0,10,2026-01-31,9110265,43cf9f0ec45f1f1ff2df47286622e5b8f3acedaeb07b7f7641b5243dbedca079,affdb124d3f4720c2f98dbca9eacba0514fba4306e20a2786c861c3c0d6ff292,developer,v2,izzy,,https://github.com/FossifyOrg/Clock,GPL-3.0-only,26,Android 8.0,36,arm64-v8a;armeabi-v7a;x86;x86_64,12,,,
Fossify Contacts,org.fossify.contacts,https://h5.2113.net/apps/fossify-contacts.html,Productivity,1.6.0,13,2026-01-31,8602985,6a89be96b5ec39f5e2b11bd61dc7031f4b88261b324ab13af5743fbc62f0cddb,affdb124d3f4720c2f98dbca9eacba0514fba4306e20a2786c861c3c0d6ff292,developer,v2,izzy,,https://github.com/FossifyOrg/Contacts,GPL-3.0-only,26,Android 8.0,36,arm64-v8a;armeabi-v7a;x86;x86_64,9,,,
Fossify File Manager,org.fossify.filemanager,https://h5.2113.net/apps/fossify-file-manager.html,System Tools,1.6.1,13,2026-02-17,9982225,9e97d2faf55fb2702386c3dc51e38a6b073781016b125701d3ab668419a70008,affdb124d3f4720c2f98dbca9eacba0514fba4306e20a2786c861c3c0d6ff292,developer,v2,izzy,,https://github.com/FossifyOrg/File-Manager,GPL-3.0-only,26,Android 8.0,36,arm64-v8a;armeabi-v7a;x86;x86_64,6,,,
Fossify Gallery,org.fossify.gallery,https://h5.2113.net/apps/fossify-gallery.html,Media,1.13.1,28,2026-02-17,38606538,ae7e699599e81f70e2b82626bb1dfa883fe096cd938387133e123c116e5641d9,affdb124d3f4720c2f98dbca9eacba0514fba4306e20a2786c861c3c0d6ff292,developer,v2,izzy,,https://github.com/FossifyOrg/Gallery,GPL-3.0-only,26,Android 8.0,36,arm64-v8a;armeabi-v7a;x86;x86_64,13,,,
Fossify Launcher,org.fossify.home,https://h5.2113.net/apps/fossify-launcher.html,Customization,1.10.0,16,2026-02-17,5222266,a603d3d510482feafd73d52a93a1ea9baefd2ca0aae329a14cbf0e21f43638e3,affdb124d3f4720c2f98dbca9eacba0514fba4306e20a2786c861c3c0d6ff292,developer,v2,izzy,,https://github.com/FossifyOrg/Launcher,GPL-3.0-only,26,Android 8.0,36,arm64-v8a;armeabi-v7a;x86;x86_64,5,,,
Fossify Keyboard,org.fossify.keyboard,https://h5.2113.net/apps/fossify-keyboard.html,Productivity,1.9.1,14,2026-02-02,17098779,e326885c08b68212fd9fdda9be8a4fa492d5daba7ff37bb4ff4511826f40a8d0,affdb124d3f4720c2f98dbca9eacba0514fba4306e20a2786c861c3c0d6ff292,developer,v2,izzy,,https://github.com/FossifyOrg/Keyboard,GPL-3.0-only,26,Android 8.0,36,arm64-v8a;armeabi-v7a;x86;x86_64,2,,,
Fossify Music Player,org.fossify.musicplayer,https://h5.2113.net/apps/fossify-music-player.html,Media,1.8.1,14,2026-02-17,11027320,b5d0ce367544df1ac162adf71d642878c5b963a304ca0ddf8f8556f07bbba79b,affdb124d3f4720c2f98dbca9eacba0514fba4306e20a2786c861c3c0d6ff292,developer,v2,izzy,,https://github.com/FossifyOrg/Music-Player,GPL-3.0-only,26,Android 8.0,36,arm64-v8a;armeabi-v7a;x86;x86_64,8,,,
Fossify Notes,org.fossify.notes,https://h5.2113.net/apps/fossify-notes.html,Productivity,1.7.0,13,2026-01-31,9528948,5a56e0e39cc488e1f3b947d3801006d3b7450ec73c67f03195c64c5fd3b6bced,affdb124d3f4720c2f98dbca9eacba0514fba4306e20a2786c861c3c0d6ff292,developer,v2,izzy,,https://github.com/FossifyOrg/Notes,GPL-3.0-only,26,Android 8.0,36,arm64-v8a;armeabi-v7a;x86;x86_64,6,,,
Fossify Phone,org.fossify.phone,https://h5.2113.net/apps/fossify-phone.html,Productivity,1.11.1,22,2026-02-03,9165050,d1ad08467034e5138a6e68f03b6e150f0bb010dfcbf490ff3d2bd4822b755728,affdb124d3f4720c2f98dbca9eacba0514fba4306e20a2786c861c3c0d6ff292,developer,v2,izzy,,https://github.com/FossifyOrg/Phone,GPL-3.0-only,26,Android 8.0,36,arm64-v8a;armeabi-v7a;x86;x86_64,20,,,
Jellyfin,org.jellyfin.mobile,https://h5.2113.net/apps/jellyfin.html,Media,2.7.3,2070399,2026-09-14,8964986,f9f4b3ab46cc9434df811194c2d4351417f4db83a4c1a0facd0a662d69533f7f,d881796ed2a67ff6ef9f676828723c6b1fa18e09388962cba4abc4a594a69131,developer,v1;v2,izzy,,https://github.com/jellyfin/jellyfin-android,GPL-2.0-or-later,21,Android 5.0,36,arm64-v8a;armeabi-v7a;x86;x86_64,12,,,
Kiwix,org.kiwix.kiwixmobile.standalone,https://h5.2113.net/apps/kiwix.html,Reading & Maps,3.14.1,6231767,2026-05-14,70366062,62a9910be260030e642465c17d642537e6ee4ee5f2d4596c248267c2766a88b8,6dfbfc62e16587a78aa2d9585ae9bb7f6973c2bf84034b7b90101a401409f5aa,developer,v2,github,https://github.com/kiwix/kiwix-android/releases/tag/v3.14.1,https://github.com/kiwix/kiwix-android,GPL-3.0,25,Android 7.1,35,arm64-v8a,14,,,
KOReader,org.koreader.launcher.fdroid,https://h5.2113.net/apps/koreader.html,Reading & Maps,v2026.07.1,119462,2026-08-03,30121616,1e740b6a964032f67bd8235f98a3f12d229f3427d23e2486d6a0ede6dd3dba7c,8c86266c9e9191b7d02329606a5ecea7460958515462642ffec8664bb919da4d,fdroid,v1;v2;v3,fdroid,,https://github.com/koreader/koreader,AGPL-3.0-only,18,Android 4.3,30,arm64-v8a,7,,,
LocalSend,org.localsend.localsend_app,https://h5.2113.net/apps/localsend.html,System Tools,1.18.2,643,2026-08-26,46558706,82ec3568fba2aa5295b9aae8b76f701d7a4703d86b9f8bad749472038fbaeab3,3220c353a73cfbd0c2f3052471c445324cf452bcba26de1c473a52fe5c44e1d6,developer,v2,fdroid,,https://github.com/localsend/localsend,Apache-2.0,24,Android 7.0,37,arm64-v8a,19,,,
Tubular,org.polymorphicshade.tubular,https://h5.2113.net/apps/tubular.html,Media,0.28.4,1009,2026-03-09,10989082,b362605d9a7a3383262622d016a069221726a60a1288be1b8fade4b563e499f1,8ad7025a8c911454e2a7b4515e360c52ca63ec0410a042ff46e9ad05b509e187,developer,v1;v2;v3,izzy,,https://github.com/polymorphicshade/Tubular,GPL-3.0-only,21,Android 5.0,35,arm64-v8a;armeabi-v7a;x86;x86_64,11,ACRA,NonFreeNet;SourceArchived,
PPSSPP,org.ppsspp.ppsspp,https://h5.2113.net/games/ppsspp.html,Console Emulators,1.19.3,119030000,2025-07-24,41264596,44e1ecb9268702fb65adcee14cffb6cdc3607e87abcf409004c9bdb6b2543f6c,19ed8afe0520d512bd1d9a780131d486edb7e384614b5e43af9ad8c688b2e100,fdroid,v1;v2;v3,fdroid,,https://github.com/hrydgard/ppsspp,GPL-2.0-or-later,9,Android 2.3,35,arm64-v8a;armeabi-v7a;x86_64,10,,,
NewPipe,org.schabi.newpipe,https://h5.2113.net/apps/newpipe.html,Media,0.29.1,1015,2026-08-21,11507122,18447bfb1e06d113edc88df93f471827280de06f6f3d4dc42f56f28b9c1bab79,cb84069bd68116bafae5ee4ee5b08a567aa6d898404e7cb12f9e756df5cf5cab,developer,v1;v2;v3,fdroid,,https://github.com/TeamNewPipe/NewPipe,GPL-3.0-or-later,23,Android 6.0,35,arm64-v8a;armeabi-v7a;x86;x86_64,11,ACRA,NonFreeNet,0.29.0;0.28.8;0.28.7;0.28.5
SmartTube,org.smarttube.stable,https://h5.2113.net/apps/smarttube.html,Media,32.56,2446,2026-09-23,34922752,4a35b90940612e048e4e9cb9e10379f7db1e84f30375994129f10a571ee04ce5,109735aa24fe85e2e1623ebb3b1ecc4bf4263f4c6374e4411d646bfa2eda482a,developer,v1;v2,github,https://github.com/yuliskov/SmartTube/releases/tag/32.56s,https://github.com/yuliskov/SmartTube,MIT,17,Android 4.2,34,arm64-v8a;armeabi-v7a,20,Google CrashLytics,,
VLC,org.videolan.vlc,https://h5.2113.net/apps/vlc.html,Media,3.7.1,13070106,2026-05-10,47990842,355ff246a0348c094a256926ea31cbec92701a2faca3d41d49170798c550ee3b,80535be61eedb9a03b0476a6f493d496c3498770404339ea7a8000f5e61d22c0,fdroid,v1;v2;v3,fdroid,,https://code.videolan.org/videolan/vlc-android,GPL-3.0-only,17,Android 4.2,36,arm64-v8a,30,,,
Vita3K,org.vita3k.emulator,https://h5.2113.net/games/vita3k.html,Console Emulators,0.2.1,21,2026-10-03,28544792,f1282256dc7fe87be3cc9477b6bac4fefd2b3e4ab69f50e8d627e4d700431978,eadeff93b5fb0317051111f77d56abbaa0e6716cc847969926aa36dac4beb202,developer,v2,github,https://github.com/Vita3K/Vita3K/releases/tag/continuous,https://github.com/Vita3K/Vita3K,GPL-2.0,28,Android 9,35,arm64-v8a;x86_64,12,,,
The Battle for Wesnoth,org.wesnoth.Wesnoth,https://h5.2113.net/games/wesnoth.html,Strategy Games,1.19.28,1192800002,2026-09-22,59066972,ad2248ca2dc5a48cd8d63cc5025e6d6bee8710b65a798e19a6dc994af8061b35,3ff2fa4abe9ac48c0af7a6e8a71048d33a5f00a0256e87a20df6c7a67e95c7dd,fdroid,v1;v2;v3,fdroid,,https://github.com/wesnoth/wesnoth,GPL-2.0-or-later,23,Android 6.0,35,arm64-v8a,4,,,
Kodi,org.xbmc.kodi,https://h5.2113.net/apps/kodi.html,Media,21.3,2103001,2026-03-29,181782325,2ced80c56809f73a21726cefc406233cc143566333cea6882af67576a0852407,13268f04efdc5a0ae4c93626ce357e4e15a1d67f8f1235340d9f631d9d8c6c43,fdroid,v1;v2;v3,fdroid,,https://github.com/xbmc/xbmc,GPL-2.0-or-later,21,Android 5.0,34,arm64-v8a,10,,,
Spotube,oss.krtirtho.spotube,https://h5.2113.net/apps/spotube.html,Media,5.1.2,45,2026-06-09,128561194,f853b511a6c7461b34c4c9f01c47de3416eb5d2dea1dbcd0b1e11fcde2706add,49fa0dd990cd68877545b661360f0538245c791e5b8b5384a54f40de013dadfb,fdroid,v1;v2;v3,fdroid,,https://github.com/KRTirtho/spotube,BSD-4-Clause,24,Android 7.0,35,arm64-v8a;armeabi-v7a;x86_64,13,,NonFreeNet,
SongSync,pl.lambada.songsync,https://h5.2113.net/apps/songsync.html,Media,4.3.3,433,2025-05-15,5068473,f372118c0ed17cb2cb1d5e5e25fcef64144f5a8d1e6c3add8e9b859e00be61b0,56b13a099dcd24f1d3c53b3c7ac0fc65ea1e30a3f7e43fc713c9593613b715f0,developer,v1;v2,izzy,,https://github.com/Lambada10/SongSync,GPL-3.0-only,21,Android 5.0,35,arm64-v8a;armeabi-v7a;x86;x86_64,7,,NonFreeNet,
Private DNS Quick Toggle,ru.karasevm.privatednstoggle,https://h5.2113.net/apps/private-dns-quick-toggle.html,Network & Privacy,1.11.0,19,2025-08-05,4297106,7d42277188f9eeb219c203e9dfe894b90664895bc25a3847279ac1786eb6b26e,1347c51f78d056fb15fe1eeaa1a0f34c6a08e2bfe4bce8ea1a1abd3db7e2c3fb,developer,v2,izzy,,https://github.com/karasevm/PrivateDNSAndroid,MIT,28,Android 9,36,arm64-v8a;armeabi-v7a;x86;x86_64,3,,,
